Position,Reference,EP-1,EP-2,EP-3,EM-1,EM-2,EM-3
1,C,,C,C,,C,C
2,T,,T,T,,T,T
3,G,,G,G,,G,G
4,G,,G,G,,G,G
5,C,,C,C,,C,C
6,T,,T,T,,T,T
7,A,,A,A,,A,A
8,A,,A,A,,A,A
9,T,,T,T,,T,T
10,G,,G,G,,G,G
11,G,,G,G,,G,G
12,A,,A,A,,A,A
13,G,,G,G,,G,G
14,C,,C,C,,C,C
15,A,,A,A,,A,A
16,A,,A,A,,A,A
17,A,,A,A,,A,A
18,A,,A,A,,A,A
19,G,,G,G,,G,G
20,C,,C,C,,C,C
21,G,,G,G,,G,G
22,A,,A,A,,A,A
23,C,,C,C,,C,C
24,G,,G,G,,G,G
25,G,,G,G,,G,G
26,G,,G,G,,G,G
27,C,,C,C,,C,C
28,A,,A,A,,A,A
29,G,,G,G,,G,G
30,G,,G,G,,G,G
31,T,,T,T,,T,T
32,A,,A,A,,A,A
33,A,,A,A,,A,A
34,A,,A,A,,A,A
35,G,,G,G,,G,G
36,A,,A,A,,A,A
37,C,,C,C,,C,C
38,G,,G,G,,G,G
39,T,,T,T,,T,T
40,G,,G,G,,G,G
41,C,,C,C,,C,C
42,A,,A,A,,A,A
43,T,,T,T,,T,T
44,T,,T,T,,T,T
45,A,,A,A,,A,A
46,C,,C,C,,C,C
47,G,,G,G,,G,G
48,T,,T,T,,T,T
49,T,,T,T,,T,T
50,T,,T,T,,T,T
51,T,,T,T,,T,T
52,C,,C,C,,C,C
53,A,,A,A,,A,A
54,T,,T,T,,T,T
55,G,,G,G,,G,G
56,G,,G,G,,G,G
57,A,,A,A,,A,A
58,T,,T,T,,T,T
59,A,,A,A,,A,A
60,C,,C,C,,C,C
61,A,,A,A,,A,A
62,G,,G,G,,G,G
63,G,,G,G,,G,G
64,T,,T,T,,T,T
65,T,,T,T,,T,T
66,G,,G,G,,G,G
67,T,,T,T,,T,T
68,G,,G,G,,G,G
69,A,,A,A,,A,A
70,A,,A,A,,A,A
71,C,,C,C,,C,C
72,A,,A,A,,A,A
73,T,,T,T,,T,T
74,C,,C,C,,C,C
75,C,,C,C,,C,C
76,A,,A,A,,A,A
77,A,,A,A,,A,A
78,T,,T,T,,T,T
79,G,,G,G,,G,G
80,A,,A,A,,A,A
81,C,,C,C,,C,C
82,A,,A,A,,A,A
83,T,,T,T,,T,T
84,A,,A,A,,A,A
85,T,,T,T,,T,T
86,C,,C,C,,C,C
87,G,,G,G,,G,G
88,G,,G,G,,G,G
89,T,,T,T,,T,T
90,T,,T,T,,T,T
91,T,,T,T,,T,T
92,G,,G,G,,G,G
93,T,,T,T,,T,T
94,C,,C,C,,C,C
95,A,,A,A,,A,A
96,G,,G,G,,G,G
97,G,,G,G,,G,G
98,G,,G,G,,G,G
99,A,,A,A,,A,A
100,A,,A,A,,A,A
101,G,,G,G,,G,G
102,T,,T,T,,T,T
103,T,,T,T,,T,T
104,G,,G,G,,G,G
105,T,,T,T,,T,T
106,G,,G,G,,G,G
107,A,,A,A,,A,A
108,A,,A,A,,A,A
109,G,,G,G,,G,G
110,T,,T,T,,T,T
111,T,,T,T,,T,T
112,C,,C,C,,C,C
113,T,,T,T,,T,T
114,G,,G,G,,G,G
115,G,,G,G,,G,G
116,G,,G,G,,G,G
117,A,,A,A,,A,A
118,T,,T,T,,T,T
119,A,,A,A,,A,A
120,T,,T,T,,T,T
121,A,,A,A,,A,A
122,C,,C,C,,C,C
123,C,,C,C,,C,C
124,G,,G,G,,G,G
125,C,,C,C,,C,C
126,T,,T,T,,T,T
127,C,,C,C,,C,C
128,A,,A,A,,A,A
129,C,,C,C,,C,C
130,C,,C,C,,C,C
131,G,,G,G,,G,G
132,T,,T,T,,T,T
133,A,,A,A,,A,A
134,T,,T,T,,T,T
135,T,,T,T,,T,T
136,G,,G,G,,G,G
137,C,,C,C,,C,C
138,A,,A,A,,A,A
139,G,,G,G,,G,G
140,G,,G,G,,G,G
141,T,,T,T,,T,T
142,T,,T,T,,T,T
143,G,,G,G,,G,G
144,A,,A,A,,A,A
145,T,,T,T,,T,T
146,A,,A,A,,A,A
147,T,,T,T,,T,T
148,C,,C,C,,C,C
149,A,,A,A,,A,A
150,A,,A,A,,A,A
151,C,,C,C,,C,C
152,C,,C,C,,C,C
153,C,,C,C,,C,C
154,G,,G,G,,G,G
155,G,,G,G,,G,G
156,A,,A,A,,A,A
157,G,,G,G,,G,G
158,C,,C,C,,C,C
159,T,,T,T,,T,T
160,T,,T,T,,T,T
161,G,,G,G,,G,G
162,G,,G,G,,G,G
163,A,,A,A,,A,A
164,C,,C,C,,C,C
165,A,,A,A,,A,A
166,G,,G,G,,G,G
167,C,,C,C,,C,C
168,C,,C,C,,C,C
169,A,,A,A,,A,A
170,A,,A,A,,A,A
171,A,,A,A,,A,A
172,T,,T,T,,T,T
173,G,,G,G,,G,G
174,G,,G,G,,G,G
175,T,,T,T,,T,T
176,T,,T,T,,T,T
177,A,,A,A,,A,A
178,T,,T,T,,T,T
179,A,,A,A,,A,A
180,C,,C,C,,C,C
181,G,,G,G,,G,G
182,G,,G,G,,G,G
183,T,,T,T,,T,T
184,A,,A,A,,A,A
185,T,,T,T,,T,T
186,G,,G,G,,G,G
187,G,,G,G,,G,G
188,G,,G,G,,G,G
189,A,,A,A,,A,A
190,A,,A,A,,A,A
191,C,,C,C,,C,C
192,C,,C,C,,C,C
193,A,,A,A,,A,A
194,A,,A,A,,A,A
195,A,,A,A,,A,A
196,G,,G,G,,G,G
197,G,,G,G,,G,G
198,A,,A,A,,A,A
199,T,,T,T,,T,T
200,A,,A,A,,A,A
201,T,,T,T,,T,T
202,T,,T,T,,T,T
203,C,,C,C,,C,C
204,A,,A,A,,A,A
205,G,,G,G,,G,G
206,A,,A,A,,A,A
207,C,,C,C,,C,C
208,G,,G,G,,G,G
209,C,,C,C,,C,C
210,G,,G,G,,G,G
211,A,,A,A,,A,A
212,A,,A,A,,A,A
213,T,,T,T,,T,T
214,G,,G,G,,G,G
215,C,,C,C,,C,C
216,C,,C,C,,C,C
217,T,,T,T,,T,T
218,G,,G,G,,G,G
219,T,,T,T,,T,T
220,T,,T,T,,T,T
221,C,,C,C,,C,C
222,T,,T,T,,T,T
223,G,,G,G,,G,G
224,A,,A,A,,A,A
225,A,,A,A,,A,A
226,G,,G,G,,G,G
227,C,,C,C,,C,C
228,C,,C,C,,C,C
229,A,,A,A,,A,A
230,T,,T,T,,T,T
231,T,,T,T,,T,T
232,T,,T,T,,T,T
233,A,,A,A,,A,A
234,T,,T,T,,T,T
235,C,,C,C,,C,C
236,G,,G,G,,G,G
237,A,,A,A,,A,A
238,T,,T,T,,T,T
239,A,,A,A,,A,A
240,T,,T,T,,T,T
241,G,,G,G,,G,G
242,G,,G,G,,G,G
243,T,,T,T,,T,T
244,A,,A,A,,A,A
245,A,,A,A,,A,A
246,A,,A,A,,A,A
247,G,,G,G,,G,G
248,A,,A,A,,A,A
249,A,,A,A,,A,A
250,A,,A,A,,A,A
251,T,,T,T,,T,T
252,A,,A,A,,A,A
253,T,,T,T,,T,T
254,G,,G,G,,G,G
255,G,,G,G,,G,G
256,C,,C,C,,C,C
257,A,,A,A,,A,A
258,C,,C,C,,C,C
259,T,,T,T,,T,T
260,C,,C,C,,C,C
261,C,,C,C,,C,C
262,A,,A,A,,A,A
263,T,,T,T,,T,T
264,A,,A,A,,A,A
265,C,,C,C,,C,C
266,G,,G,G,,G,G
267,T,,T,T,,T,T
268,C,,C,C,,C,C
269,G,,G,G,,G,G
270,G,,G,G,,G,G
271,C,,C,C,,C,C
272,G,,G,G,,G,G
273,G,,G,G,,G,G
274,C,,C,C,,C,C
275,G,,G,G,,G,G
276,C,,C,C,,C,C
277,G,,G,G,,G,G
278,T,,T,T,,T,T
279,T,,T,T,,T,T
280,C,,C,C,,C,C
281,T,,T,T,,T,T
282,G,,G,G,,G,G
283,C,,C,C,,C,C
284,A,,A,A,,A,A
285,A,,A,A,,A,A
286,C,,C,C,,C,C
287,T,,T,T,,T,T
288,C,,C,C,,C,C
289,G,,G,G,,G,G
290,T,,T,T,,T,T
291,T,,T,T,,T,T
292,C,,C,C,,C,C
293,C,,C,C,,C,C
294,C,,C,C,,C,C
295,T,,T,T,,T,T
296,T,,T,T,,T,T
297,C,,C,C,,C,C
298,A,,A,A,,A,A
299,C,,C,C,,C,C
300,C,,C,C,,C,C
301,A,,A,A,,A,A
302,A,,A,A,,A,A
303,A,,A,A,,A,A
304,T,,T,T,,T,T
305,A,,A,A,,A,A
306,C,,C,C,,C,C
307,T,,T,T,,T,T
308,G,,G,G,,G,G
309,T,,T,T,,T,T
310,G,,G,G,,G,G
311,A,,A,A,,A,A
312,T,,T,T,,T,T
313,G,,G,G,,G,G
314,A,,A,A,,A,A
315,C,,C,C,,C,C
316,C,,C,C,,C,C
317,A,,A,A,,A,A
318,T,,T,T,,T,T
319,T,,T,T,,T,T
320,T,,T,T,,T,T
321,C,,C,C,,C,C
322,G,,G,G,,G,G
323,G,,G,G,,G,G
324,G,,G,G,,G,G
325,C,,C,C,,C,C
326,G,,G,G,,G,G
327,A,,A,A,,A,A
328,G,,G,G,,G,G
329,G,,G,G,,G,G
330,G,,G,G,,G,G
331,A,,A,A,,A,A
332,A,,A,A,,A,A
333,T,,T,T,,T,T
334,T,,T,T,,T,T
335,A,,A,A,,A,A
336,C,,C,C,,C,C
337,A,,A,A,,A,A
338,C,,C,C,,C,C
339,C,,C,C,,C,C
340,A,,A,A,,A,A
341,C,,C,C,,C,C
342,G,,G,G,,G,G
343,T,,T,T,,T,T
344,G,,G,G,,G,G
345,G,,G,G,,G,G
346,A,,A,A,,A,A
347,T,,T,T,,T,T
348,T,,T,T,,T,T
349,G,,G,G,,G,G
350,G,,G,G,,G,G
351,C,,C,C,,C,C
352,A,,A,A,,A,A
353,T,,T,T,,T,T
354,C,,C,C,,C,C
355,A,,A,A,,A,A
356,G,,G,G,,G,G
357,A,,A,A,,A,A
358,G,,G,G,,G,G
359,C,,C,C,,C,C
360,T,,T,T,,T,T
361,G,,G,G,,G,G
362,A,,A,A,,A,A
363,T,,T,T,,T,T
364,G,,G,G,,G,G
365,A,,A,A,,A,A
366,A,,A,A,,A,A
367,C,,C,C,,G,C
368,C,,C,C,,C,C
369,G,,G,G,,G,G
370,A,,A,A,,A,A
371,A,,A,A,,A,A
372,G,,G,G,,G,G
373,C,,C,C,,C,C
374,G,,G,G,,G,G
375,G,,G,G,,G,G
376,C,,C,C,,C,C
377,T,,T,T,,T,T
378,A,,A,A,,A,A
379,A,,A,A,,A,A
380,A,,A,A,,A,A
381,G,,G,G,,G,G
382,C,,C,C,,G,C
383,C,,C,C,,C,C
384,A,,A,A,,A,A
385,A,,A,A,,A,A
386,A,,A,A,,A,A
387,G,,G,G,,G,G
388,C,,C,C,,C,C
389,C,,C,C,,C,C
390,T,,T,T,,T,T
391,G,,G,G,,G,G
392,G,,G,G,,G,G
393,A,,A,A,,A,A
394,A,,A,A,,A,A
395,T,,T,T,,T,T
396,C,,C,C,,C,C
397,A,,A,A,,A,A
398,G,,G,G,,G,G
399,A,,A,A,,A,A
400,T,,T,T,,T,T
401,A,,A,A,,A,A
402,T,,T,T,,T,T
403,C,,C,C,,C,C
404,T,,T,T,,T,T
405,T,,T,T,,T,T
406,G,,G,G,,G,G
407,C,,C,C,,C,C
408,T,,T,T,,T,T
409,G,,G,G,,G,G
410,A,,A,A,,A,A
411,A,,A,A,,A,A
412,G,,G,G,,G,G
413,A,,A,A,,A,A
414,A,,A,A,,A,A
415,G,,G,G,,G,G
416,A,,A,A,,A,A
417,T,,T,T,,T,T
418,A,,A,A,,A,A
419,T,,T,T,,T,T
420,C,,C,C,,C,C
421,C,,C,C,,C,C
422,T,,T,T,,T,T
423,C,,C,C,,C,C
424,G,,G,G,,G,G
425,C,,C,C,,C,C
426,A,,A,A,,A,A
427,T,,T,T,,T,T
428,G,,G,G,,G,G
429,G,,G,G,,G,G
430,T,,T,T,,T,T
431,G,,G,G,,G,G
432,G,,G,G,,G,G
433,A,,A,A,,A,A
434,A,,A,A,,A,A
435,G,,G,G,,G,G
436,C,,C,C,,C,C
437,A,,A,A,,A,A
438,A,,A,A,,A,A
439,C,,C,C,,C,C
440,A,,A,A,,A,A
441,A,,A,A,,A,A
442,C,,C,C,,C,C
443,C,,C,C,,C,C
444,A,,A,A,,A,A
445,T,,T,T,,T,T
446,T,,T,T,,T,T
447,C,,C,C,,C,C
448,G,,G,G,,G,G
449,A,,A,A,,A,A
450,C,,C,C,,C,C
451,T,,T,T,,T,T
452,C,,C,C,,C,C
453,G,,G,G,,G,G
454,G,,G,G,,G,G
455,T,,T,T,,T,T
456,A,,A,A,,A,A
457,A,,A,A,,A,A
458,C,,C,C,,C,C
459,T,,T,T,,T,T
460,G,,G,G,,G,G
461,C,,C,C,,C,C
462,A,,A,A,,A,A
463,T,,T,T,,T,T
464,A,,A,A,,A,A
465,T,,T,T,,T,T
466,T,,T,T,,T,T
467,C,,C,C,,C,C
468,T,,T,T,,T,T
469,G,,G,G,,G,G
470,C,,C,C,,C,C
471,A,,A,A,,A,A
472,T,,T,T,,T,T
473,T,,T,T,,T,T
474,A,,A,A,,A,A
475,A,,A,A,,A,A
476,A,,A,A,,A,A
477,A,,A,A,,A,A
478,A,,A,A,,A,A
479,A,,A,A,,A,A
480,T,,T,T,,T,T
481,C,,C,C,,C,C
482,A,,A,A,,A,A
483,A,,A,A,,A,A
484,C,,C,C,,C,C
485,G,,G,G,,G,G
486,C,,C,C,,C,C
487,A,,A,A,,A,A
488,A,,A,A,,A,A
489,A,,A,A,,A,A
490,A,,A,A,,A,A
491,A,,A,A,,A,A
492,A,,A,A,,A,A
493,T,,T,T,,T,T
494,C,,C,C,,C,C
495,G,,G,G,,G,G
496,G,,G,G,,G,G
497,A,,A,A,,A,A
498,C,,C,C,,C,C
499,T,,T,T,,T,T
500,T,,T,T,,T,T
501,G,,G,G,,G,G
502,C,,C,C,,C,C
503,C,,C,C,,C,C
504,T,,T,T,,T,T
505,G,,G,G,,G,G
506,C,,C,C,,C,C
507,A,,A,A,,A,A
508,A,,A,A,,A,A
509,A,,A,A,,A,A
510,G,,G,G,,G,G
511,A,,A,A,,A,A
512,T,,T,T,,T,T
513,G,,G,G,,G,G
514,A,,A,A,,A,A
515,G,,G,G,,G,G
516,G,,G,G,,G,G
517,A,,A,A,,A,A
518,G,,G,G,,G,G
519,G,,G,G,,G,G
520,G,,G,G,,G,G
521,A,,A,A,,A,A
522,T,,T,T,,T,T
523,T,,T,T,,T,T
524,G,,G,G,,G,G
525,C,,C,C,,C,C
526,A,,A,A,,A,A
527,G,,G,G,,G,G
528,C,,C,C,,C,C
529,G,,G,G,,G,G
530,T,,T,T,,T,T
531,G,,G,G,,G,G
532,T,,T,T,,T,T
533,T,,T,T,,T,T
534,T,,T,T,,T,T
535,T,,T,T,,T,T
536,T,,T,T,,T,T
537,A,,A,A,,A,A
538,A,,A,A,,A,A
539,T,,T,T,,T,T
540,G,,G,G,,G,G
541,A,,A,A,,A,A
542,G,,G,G,,G,G
543,G,,G,G,,G,G
544,T,,T,T,,T,T
545,C,,C,C,,C,C
546,A,,A,A,,A,A
547,T,,T,T,,T,T
548,C,,C,C,,C,C
549,A,,A,A,,A,A
550,C,,C,C,,C,C
551,G,,G,G,,G,G
552,G,,G,G,,G,G
553,G,,G,G,,G,G
554,A,,A,A,,A,A
555,T,,T,T,,T,T
556,C,,C,C,,C,C
557,C,,C,C,,C,C
558,C,,C,C,,C,C
559,A,,A,A,,A,A
560,T,,T,T,,T,T
561,G,,G,G,,G,G
562,T,,T,T,,T,T
563,G,,G,G,,G,G
564,C,,C,C,,C,C
565,G,,G,G,,G,G
566,G,,G,G,,G,G
567,G,,G,G,,G,G
568,A,,A,A,,A,A
569,A,,A,A,,A,A
570,A,,A,A,,A,A
571,C,,C,C,,C,C
572,G,,G,G,,G,G
573,C,,C,C,,C,C
574,C,,C,C,,C,C
575,A,,A,A,,A,A
576,A,,A,A,,A,A
577,A,,A,A,,A,A
578,G,,G,G,,G,G
579,G,,G,G,,G,G
580,A,,A,A,,A,A
581,G,,G,G,,G,G
582,A,,A,A,,A,A
583,T,,T,T,,T,T
584,T,,T,T,,T,T
585,A,,A,A,,A,A
586,T,,T,T,,T,T
587,G,,G,G,,G,G
588,T,,T,T,,T,T
589,A,,A,A,,A,A
590,C,,C,C,,C,C
591,C,,C,C,,C,C
592,G,,G,G,,G,G
593,A,,A,A,,A,A
594,G,,G,G,,G,G
595,G,,G,G,,G,G
596,A,,A,A,,A,A
597,A,,A,A,,A,A
598,G,,G,G,,G,G
599,A,,A,A,,A,A
600,A,,A,A,,A,A
601,C,,C,C,,C,C
602,G,,G,G,,G,G
603,C,,C,C,,C,C
604,T,,T,T,,T,T
605,G,,G,G,,G,G
606,G,,G,G,,G,G
607,A,,A,A,,A,A
608,C,,C,C,,C,C
609,G,,G,G,,G,G
610,G,,G,G,,G,G
611,T,,T,T,,T,T
612,A,,A,A,,A,A
613,T,,T,T,,T,T
614,C,,C,C,,C,C
615,G,,G,G,,G,G
616,C,,C,C,,C,C
617,G,,G,G,,G,G
618,A,,A,A,,A,A
619,A,,A,A,,A,A
620,A,,A,A,,A,A
621,A,,A,A,,A,A
622,T,,T,T,,T,T
623,G,,G,G,,G,G
624,T,,T,T,,T,T
625,A,,A,A,,A,A
626,T,,T,T,,T,T
627,T,,T,T,,T,T
628,C,,C,C,,C,C
629,A,,A,A,,A,A
630,G,,G,G,,G,G
631,A,,A,A,,A,A
632,A,,A,A,,A,A
633,A,,A,A,,A,A
634,A,,A,A,,A,A
635,T,,T,T,,T,T
636,G,,G,G,,G,G
637,A,,A,A,,A,A
638,T,,T,T,,T,T
639,T,,T,T,,T,T
640,A,,A,A,,A,A
641,T,,T,T,,T,T
642,C,,C,C,,C,C
643,A,,A,A,,A,A
644,A,,A,A,,A,A
645,G,,G,G,,G,G
646,C,,C,C,,C,C
647,C,,C,C,,C,C
648,C,,C,C,,C,C
649,T,,T,T,,T,T
650,G,,G,G,,G,G
651,T,,T,T,,T,T
652,A,,A,A,,A,A
653,T,,T,T,,T,T
654,C,,C,C,,C,C
655,A,,A,A,,A,A
656,G,,G,G,,G,G
657,G,,G,G,,G,G
658,A,,A,A,,A,A
659,C,,C,C,,C,C
660,A,,A,A,,A,A
661,T,,T,T,,T,T
662,G,,G,G,,G,G
663,G,,G,G,,G,G
664,T,,T,T,,T,T
665,A,,A,A,,A,A
666,C,,C,C,,C,C
667,G,,G,G,,G,G
668,A,,A,A,,A,A
669,G,,G,G,,G,G
670,C,,C,C,,C,C
671,T,,T,T,,T,T
672,A,,A,A,,A,A
673,A,,A,A,,A,A
674,A,,A,A,,A,A
675,A,,A,A,,A,A
676,G,,G,G,,G,G
677,A,,A,A,,A,A
678,T,,T,T,,T,T
679,T,,T,T,,T,T
680,C,,C,C,,C,C
681,G,,G,G,,G,G
682,A,,A,A,,A,A
683,T,,T,T,,T,T
684,A,,A,A,,A,A
685,C,,C,C,,C,C
686,C,,C,C,,C,C
687,G,,G,G,,G,G
688,G,,G,G,,G,G
689,C,,C,C,,C,C
690,T,,T,T,,T,T
691,C,,C,C,,C,C
692,T,,T,T,,T,T
693,T,,T,T,,T,T
694,T,,T,T,,T,T
695,A,,A,A,,A,A
696,A,,A,A,,A,A
697,T,,T,T,,T,T
698,G,,G,G,,G,G
699,A,,A,A,,A,A
700,A,,A,A,,A,A
701,C,,C,C,,C,C
702,C,,C,C,,C,C
703,T,,T,T,,T,T
704,C,,C,C,,C,C
705,T,,T,T,,T,T
706,G,,G,G,,G,G
707,G,,G,G,,G,G
708,A,,A,A,,A,A
709,G,,G,G,,G,G
710,A,,A,A,,A,A
711,G,,G,G,,G,G
712,A,,A,A,,A,A
713,A,,A,A,,A,A
714,C,,C,C,,C,C
715,C,,C,C,,C,C
716,A,,A,A,,A,A
717,T,,T,T,,T,T
718,G,,G,G,,G,G
719,T,,T,T,,T,T
720,A,,A,A,,A,A
721,T,,T,T,,T,T
722,A,,A,A,,A,A
723,T,,T,T,,T,T
724,G,,G,G,,G,G
725,A,,A,A,,A,A
726,T,,T,T,,T,T
727,C,,C,C,,C,C
728,G,,G,G,,G,G
729,T,,T,T,,T,T
730,T,,T,T,,T,T
731,A,,A,A,,A,A
732,T,,T,T,,T,T
733,C,,C,C,,C,C
734,T,,T,T,,T,T
735,G,,G,G,,G,G
736,G,,G,G,,G,G
737,G,,G,G,,G,G
738,T,,T,T,,T,T
739,T,,T,T,,T,T
740,G,,G,G,,G,G
741,G,,G,G,,G,G
742,A,,A,A,,A,A
743,C,,C,C,,C,C
744,T,,T,T,,T,T
745,T,,T,T,,T,T
746,C,,C,C,,C,C
747,T,,T,T,,T,T
748,G,,G,G,,G,G
749,C,,C,C,,C,C
750,T,,T,T,,T,T
751,T,,T,T,,T,T
752,T,,T,T,,T,T
753,T,,T,T,,T,T
754,A,,A,A,,A,A
755,A,,A,A,,A,A
756,G,,G,G,,G,G
757,C,,C,C,,C,C
758,C,,C,C,,C,C
759,C,,C,C,,C,C
760,A,,A,A,,A,A
761,G,,G,G,,G,G
762,A,,A,A,,A,A
763,T,,T,T,,T,T
764,A,,A,A,,A,A
765,A,,A,A,,A,A
766,C,,C,C,,C,C
767,T,,T,T,,T,T
768,G,,G,G,,G,G
769,G,,G,G,,G,G
770,C,,C,C,,C,C
771,C,,C,C,,C,C
772,T,,T,T,,T,T
773,G,,G,G,,G,G
774,A,,A,A,,A,A
775,A,,A,A,,A,A
776,T,,T,T,,T,T
777,A,,A,A,,A,A
778,T,,T,T,,T,T
779,G,,G,G,,G,G
780,T,,T,T,,T,T
781,T,,T,T,,T,T
782,A,,A,A,,A,A
783,A,,A,A,,A,A
784,T,,T,T,,T,T
785,G,,G,G,,G,G
786,A,,A,A,,A,A
787,G,,G,G,,G,G
788,A,,A,A,,A,A
789,G,,G,G,,G,G
790,A,,A,A,,A,A
791,A,,A,A,,A,A
792,T,,T,T,,T,T
793,C,,C,C,,C,C
794,G,,G,G,,G,G
795,G,,G,G,,G,G
796,T,,T,T,,T,T
797,A,,A,A,,A,A
798,T,,T,T,,T,T
799,T,,T,T,,T,T
800,C,,C,C,,C,C
801,C,,C,C,,C,C
802,T,,T,T,,T,T
803,C,,C,C,,C,C
804,A,,A,A,,A,A
805,T,,T,T,,T,T
806,G,,G,G,,G,G
807,T,,T,T,,T,T
808,G,,G,G,,G,G
809,T,,T,T,,T,T
810,G,,G,G,,G,G
811,G,,G,G,,G,G
812,C,,C,C,,C,C
813,A,,A,A,,A,A
814,T,,T,T,,T,T
815,G,,G,G,,G,G
816,T,,T,T,,T,T
817,T,,T,T,,T,T
818,T,,T,T,,T,T
819,T,,T,T,,T,T
820,C,,C,C,,C,C
821,G,,G,G,,G,G
822,T,,T,T,,T,T
823,C,,C,C,,C,C
824,T,,T,T,,T,T
825,T,,T,T,,T,T
826,T,,T,T,,T,T
827,G,,G,G,,G,G
828,C,,C,C,,C,C
829,T,,T,T,,T,T
830,C,,C,C,,C,C
831,T,,T,T,,T,T
832,T,,T,T,,T,T
833,G,,G,G,,G,G
834,C,,C,C,,C,C
835,A,,A,A,,A,A
836,T,,T,T,,T,T
837,T,,T,T,,T,T
838,T,,T,T,,T,T
839,T,,T,T,,T,T
840,C,,C,C,,C,C
841,G,,G,G,,G,G
842,C,,C,C,,C,C
843,T,,T,T,,T,T
844,A,,A,A,,A,A
845,G,,G,G,,G,G
846,C,,C,C,,C,C
847,A,,A,A,,A,A
848,A,,A,A,,A,A
849,T,,T,T,,T,T
850,T,,T,T,,T,T
851,A,,A,A,,A,A
852,A,,A,A,,A,A
853,T,,T,T,,T,T
854,G,,G,G,,G,G
855,T,,T,T,,T,T
856,G,,G,G,,G,G
857,C,,C,C,,C,C
858,A,,A,A,,A,A
859,T,,T,T,,T,T
860,C,,C,C,,C,C
861,G,,G,G,,G,G
862,A,,A,A,,A,A
863,T,,T,T,,T,T
864,T,,T,T,,T,T
865,A,,A,A,,A,A
866,T,,T,T,,T,T
867,C,,C,C,,C,C
868,A,,A,A,,A,A
869,G,,G,G,,G,G
870,C,,C,C,,C,C
871,T,,T,T,,T,T
872,A,,A,A,,A,A
873,T,,T,T,,T,T
874,T,,T,T,,T,T
875,G,,G,G,,G,G
876,C,,C,C,,C,C
877,C,,C,C,,C,C
878,A,,A,A,,A,A
879,G,,G,G,,G,G
880,C,,C,C,,C,C
881,G,,G,G,,G,G
882,C,,C,C,,C,C
883,C,,C,C,,C,C
884,A,,A,A,,A,A
885,G,,G,G,,G,G
886,A,,A,A,,A,A
887,T,,T,T,,T,T
888,A,,A,A,,A,A
889,T,,T,T,,T,T
890,A,,A,A,,A,A
891,A,,A,A,,A,A
892,G,,G,G,,G,G
893,C,,C,C,,C,C
894,G,,G,G,,G,G
895,A,,A,A,,A,A
896,T,,T,T,,T,T
897,T,,T,T,,T,T
898,T,,T,T,,T,T
899,A,,A,A,,A,A
900,A,,A,A,,A,A
901,G,,G,G,,G,G
902,C,,C,C,,C,C
903,T,,T,T,,T,T
904,A,,A,A,,A,A
905,A,,A,A,,A,A
906,G,,G,G,,G,G
907,A,,A,A,,A,A
908,A,,A,A,,A,A
909,A,,A,A,,A,A
910,A,,A,A,,A,A
911,C,,C,C,,C,C
912,G,,G,G,,G,G
913,C,,C,C,,C,C
914,A,,A,A,,A,A
915,T,,T,T,,T,T
916,T,,T,T,,T,T
917,A,,A,A,,A,A
918,A,,A,A,,A,A
919,G,,G,G,,G,G
920,A,,A,A,,A,A
921,T,,T,T,,T,T
922,G,,G,G,,G,G
923,C,,C,C,,C,C
924,A,,A,A,,A,A
925,A,,A,A,,A,A
926,A,,A,A,,A,A
927,A,,A,A,,A,A
928,C,,C,C,,C,C
929,G,,G,G,,G,G
930,A,,A,A,,A,A
931,T,,T,T,,T,T
932,A,,A,A,,A,A
933,A,,A,A,,A,A
934,A,,A,A,,A,A
935,G,,G,G,,G,G
936,T,,T,T,,T,T
937,G,,G,G,,G,G
938,C,,C,C,,C,C
939,G,,G,G,,G,G
940,A,,A,A,,A,A
941,T,,T,T,,T,T
942,C,,C,C,,C,C
943,A,,A,A,,A,A
944,G,,G,G,,G,G
945,T,,T,T,,T,T
946,A,,A,A,,A,A
947,A,,A,A,,A,A
948,T,,T,T,,T,T
949,T,,T,T,,T,T
950,C,,C,C,,C,C
951,A,,A,A,,A,A
952,A,,A,A,,A,A
953,A,,A,A,,A,A
954,A,,A,A,,A,A
955,C,,C,C,,C,C
956,C,,C,C,,C,C
957,T,,T,T,,T,T
958,T,,T,T,,T,T
959,A,,A,A,,A,A
960,C,,C,C,,C,C
961,A,,A,A,,A,A
962,G,,G,G,,G,G
963,A,,A,A,,A,A
964,A,,A,A,,A,A
965,G,,G,G,,G,G
966,A,,A,A,,A,A
967,G,,G,G,,G,G
968,C,,C,C,,C,C
969,A,,A,A,,A,A
970,A,,A,A,,A,A
971,T,,T,T,,T,T
972,C,,C,C,,C,C
973,T,,T,T,,T,T
974,A,,A,A,,A,A
975,T,,T,T,,T,T
976,G,,G,G,,G,G
977,G,,G,G,,G,G
978,T,,T,T,,T,T
979,T,,T,T,,T,T
980,T,,T,T,,T,T
981,T,,T,T,,T,T
982,G,,G,G,,G,G
983,T,,T,T,,T,T
984,G,,G,G,,G,G
985,C,,C,C,,C,C
986,G,,G,G,,G,G
987,C,,C,C,,C,C
988,A,,A,A,,A,A
989,G,,G,G,,G,G
990,C,,C,C,,C,C
991,C,,C,C,,C,C
992,C,,C,C,,C,C
993,T,,T,T,,T,T
994,T,,T,T,,T,T
995,A,,A,A,,A,A
996,A,,A,A,,A,A
997,T,,T,T,,T,T
998,G,,G,G,,G,G
999,A,,A,A,,A,A
1000,A,,A,A,,A,A
1001,G,,G,G,,G,G
1002,G,,G,G,,G,G
1003,C,,C,C,,C,C
1004,A,,A,A,,A,A
1005,G,,G,G,,G,G
1006,G,,G,G,,G,G
1007,A,,A,A,,A,A
1008,A,,A,A,,A,A
1009,G,,G,G,,G,G
1010,T,,T,T,,T,T
1011,A,,A,A,,A,A
1012,T,,T,T,,T,T
1013,G,,G,G,,G,G
1014,T,,T,T,,T,T
1015,G,,G,G,,G,G
1016,G,,G,G,,G,G
1017,T,,T,T,,T,T
1018,T,,T,T,,T,T
1019,A,,A,A,,A,A
1020,C,,C,C,,C,C
1021,A,,A,A,,A,A
1022,T,,T,T,,T,T
1023,C,,C,C,,C,C
1024,A,,A,A,,A,A
1025,A,,A,A,,A,A
1026,A,,A,A,,A,A
1027,A,,A,A,,A,A
1028,C,,C,C,,C,C
1029,A,,A,A,,A,A
1030,A,,A,A,,A,A
1031,T,,T,T,,T,T
1032,T,,T,T,,T,T
1033,C,,C,C,,C,C
1034,C,,C,C,,C,C
1035,C,,C,C,,C,C
1036,A,,A,A,,A,A
1037,T,,T,T,,T,T
1038,A,,A,A,,A,A
1039,C,,C,C,,C,C
1040,A,,A,A,,A,A
1041,T,,T,T,,T,T
1042,T,,T,T,,T,T
1043,A,,A,A,,A,A
1044,G,,G,G,,G,G
1045,T,,T,T,,T,T
1046,G,,G,G,,G,G
1047,A,,A,A,,A,A
1048,G,,G,G,,G,G
1049,T,,T,T,,T,T
1050,T,,T,T,,T,T
1051,G,,G,G,,G,G
1052,A,,A,A,,A,A
1053,T,,T,T,,T,T
1054,T,,T,T,,T,T
1055,G,,G,G,,G,G
1056,A,,A,A,,A,A
1057,G,,G,G,,G,G
1058,C,,C,C,,C,C
1059,T,,T,T,,T,T
1060,T,,T,T,,T,T
1061,G,,G,G,,G,G
1062,G,,G,G,,G,G
1063,T,,T,T,,T,T
1064,G,,G,G,,G,G
1065,T,,T,T,,T,T
1066,G,,G,G,,G,G
1067,T,,T,T,,T,T
1068,T,,T,T,,T,T
1069,G,,G,G,,G,G
1070,A,,A,A,,A,A
1071,A,,A,A,,A,A
1072,C,,C,C,,C,C
1073,A,,A,A,,A,A
1074,A,,A,A,,A,A
1075,A,,A,A,,A,A
1076,A,,A,A,,A,A
1077,C,,C,C,,C,C
1078,T,,T,T,,T,T
1079,T,,T,T,,T,T
1080,T,,T,T,,T,T
1081,T,,T,T,,T,T
1082,T,,T,T,,T,T
1083,C,,C,C,,C,C
1084,C,,C,C,,C,C
1085,C,,C,C,,C,C
1086,G,,G,G,,G,G
1087,A,,A,A,,A,A
1088,T,,T,T,,T,T
1089,G,,G,G,,G,G
1090,G,,G,G,,G,G
1091,A,,A,A,,A,A
1092,A,,A,A,,A,A
1093,T,,T,T,,T,T
1094,G,,G,G,,G,G
1095,G,,G,G,,G,G
1096,G,,A,A,,A,A
1097,A,,A,A,,A,A
1098,A,,A,A,,A,A
1099,G,,G,G,,G,G
1100,C,,C,C,,C,C
1101,A,,A,A,,A,A
1102,T,,T,T,,T,T
1103,A,,A,A,,A,A
1104,T,,T,T,,T,T
1105,A,,A,A,,A,A
1106,T,,T,T,,T,T
1107,T,,T,T,,T,T
1108,A,,A,A,,A,A
1109,T,,T,T,,T,T
1110,T,,T,T,,T,T
1111,C,,C,C,,C,C
1112,C,,C,C,,C,C
1113,C,,C,C,,C,C
1114,T,,T,T,,T,T
1115,A,,A,A,,A,A
1116,T,,T,T,,T,T
1117,T,,T,T,,T,T
1118,G,,G,G,,G,G
1119,A,,A,A,,A,A
1120,G,,G,G,,G,G
1121,G,,G,G,,G,G
1122,A,,A,A,,A,A
1123,T,,T,T,,T,T
1124,A,,A,A,,A,A
1125,T,,T,T,,T,T
1126,T,,T,T,,T,T
1127,T,,T,T,,T,T
1128,A,,A,A,,A,A
1129,C,,C,C,,C,C
1130,T,,T,T,,T,T
1131,G,,G,G,,G,G
1132,G,,G,G,,G,G
1133,A,,A,A,,A,A
1134,C,,C,C,,C,C
1135,T,,T,T,,T,T
1136,G,,G,G,,G,G
1137,A,,A,A,,A,A
1138,A,,A,A,,A,A
1139,T,,T,T,,T,T
1140,T,,T,T,,T,T
1141,A,,A,A,,A,A
